site_id,site_name,project_id,project_name,project_region,ecosystem_focus,monitoring_type,area_hectares,restoration_type,funding_status,invasive_species_cover,community_engagement,boundary_type,boundary_confidence
WL-BUF-01,Buffelsdraai Reforestation Project — Monitoring Area 01,WL-BUF,Buffelsdraai Reforestation Project,Greater eThekwini,Forest and woodland restoration,Reforestation / vegetation recovery,12.5,Forest,Demonstration dataset,,Not specified,Estimated demonstration monitoring area,Estimated — not WILDTRUST field boundary
WL-BUF-02,Buffelsdraai Reforestation Project — Monitoring Area 02,WL-BUF,Buffelsdraai Reforestation Project,Greater eThekwini,Forest and woodland restoration,Reforestation / vegetation recovery,27.7,Forest,Demonstration dataset,,Not specified,Estimated demonstration monitoring area,Estimated — not WILDTRUST field boundary
WL-BUF-03,Buffelsdraai Reforestation Project — Monitoring Area 03,WL-BUF,Buffelsdraai Reforestation Project,Greater eThekwini,Forest and woodland restoration,Reforestation / vegetation recovery,18.0,Forest,Demonstration dataset,,Not specified,Estimated demonstration monitoring area,Estimated — not WILDTRUST field boundary
WL-BUF-04,Buffelsdraai Reforestation Project — Monitoring Area 04,WL-BUF,Buffelsdraai Reforestation Project,Greater eThekwini,Forest and woodland restoration,Reforestation / vegetation recovery,21.2,Forest,Demonstration dataset,,Not specified,Estimated demonstration monitoring area,Estimated — not WILDTRUST field boundary
WL-BUF-05,Buffelsdraai Reforestation Project — Monitoring Area 05,WL-BUF,Buffelsdraai Reforestation Project,Greater eThekwini,Forest and woodland restoration,Reforestation / vegetation recovery,26.7,Forest,Demonstration dataset,,Not specified,Estimated demonstration monitoring area,Estimated — not WILDTRUST field boundary
WL-BUF-06,Buffelsdraai Reforestation Project — Monitoring Area 06,WL-BUF,Buffelsdraai Reforestation Project,Greater eThekwini,Forest and woodland restoration,Reforestation / vegetation recovery,24.4,Forest,Demonstration dataset,,Not specified,Estimated demonstration monitoring area,Estimated — not WILDTRUST field boundary
WL-BUF-07,Buffelsdraai Reforestation Project — Monitoring Area 07,WL-BUF,Buffelsdraai Reforestation Project,Greater eThekwini,Forest and woodland restoration,Reforestation / vegetation recovery,32.6,Forest,Demonstration dataset,,Not specified,Estimated demonstration monitoring area,Estimated — not WILDTRUST field boundary
WL-BUF-08,Buffelsdraai Reforestation Project — Monitoring Area 08,WL-BUF,Buffelsdraai Reforestation Project,Greater eThekwini,Forest and woodland restoration,Reforestation / vegetation recovery,7.9,Forest,Demonstration dataset,,Not specified,Estimated demonstration monitoring area,Estimated — not WILDTRUST field boundary
WL-DAR-01,Dartmoor Nature Reserve Project — Monitoring Area 01,WL-DAR,Dartmoor Nature Reserve Project,KwaZulu-Natal Midlands,Grassland and wetland,Grassland / wetland condition,5.5,Wetland,Demonstration dataset,,Not specified,Estimated demonstration monitoring area,Estimated — not WILDTRUST field boundary
WL-DAR-02,Dartmoor Nature Reserve Project — Monitoring Area 02,WL-DAR,Dartmoor Nature Reserve Project,KwaZulu-Natal Midlands,Grassland and wetland,Grassland / wetland condition,24.9,Wetland,Demonstration dataset,,Not specified,Estimated demonstration monitoring area,Estimated — not WILDTRUST field boundary
WL-DAR-03,Dartmoor Nature Reserve Project — Monitoring Area 03,WL-DAR,Dartmoor Nature Reserve Project,KwaZulu-Natal Midlands,Grassland and wetland,Grassland / wetland condition,22.4,Wetland,Demonstration dataset,,Not specified,Estimated demonstration monitoring area,Estimated — not WILDTRUST field boundary
WL-DAR-04,Dartmoor Nature Reserve Project — Monitoring Area 04,WL-DAR,Dartmoor Nature Reserve Project,KwaZulu-Natal Midlands,Grassland and wetland,Grassland / wetland condition,23.0,Wetland,Demonstration dataset,,Not specified,Estimated demonstration monitoring area,Estimated — not WILDTRUST field boundary
WL-DAR-05,Dartmoor Nature Reserve Project — Monitoring Area 05,WL-DAR,Dartmoor Nature Reserve Project,KwaZulu-Natal Midlands,Grassland and wetland,Grassland / wetland condition,34.7,Wetland,Demonstration dataset,,Not specified,Estimated demonstration monitoring area,Estimated — not WILDTRUST field boundary
WL-DAR-06,Dartmoor Nature Reserve Project — Monitoring Area 06,WL-DAR,Dartmoor Nature Reserve Project,KwaZulu-Natal Midlands,Grassland and wetland,Grassland / wetland condition,3.7,Wetland,Demonstration dataset,,Not specified,Estimated demonstration monitoring area,Estimated — not WILDTRUST field boundary
WL-UTH-01,Upper uThukela Project — Monitoring Area 01,WL-UTH,Upper uThukela Project,uKhahlamba-Drakensberg,Grassland and rangeland,Ecological restoration / rangeland,5.0,Grassland,Demonstration dataset,,Not specified,Estimated demonstration monitoring area,Estimated — not WILDTRUST field boundary
WL-UTH-02,Upper uThukela Project — Monitoring Area 02,WL-UTH,Upper uThukela Project,uKhahlamba-Drakensberg,Grassland and rangeland,Ecological restoration / rangeland,12.6,Grassland,Demonstration dataset,,Not specified,Estimated demonstration monitoring area,Estimated — not WILDTRUST field boundary
WL-UTH-03,Upper uThukela Project — Monitoring Area 03,WL-UTH,Upper uThukela Project,uKhahlamba-Drakensberg,Grassland and rangeland,Ecological restoration / rangeland,16.1,Grassland,Demonstration dataset,,Not specified,Estimated demonstration monitoring area,Estimated — not WILDTRUST field boundary
WL-UTH-04,Upper uThukela Project — Monitoring Area 04,WL-UTH,Upper uThukela Project,uKhahlamba-Drakensberg,Grassland and rangeland,Ecological restoration / rangeland,37.6,Grassland,Demonstration dataset,,Not specified,Estimated demonstration monitoring area,Estimated — not WILDTRUST field boundary
WL-UTH-05,Upper uThukela Project — Monitoring Area 05,WL-UTH,Upper uThukela Project,uKhahlamba-Drakensberg,Grassland and rangeland,Ecological restoration / rangeland,8.5,Grassland,Demonstration dataset,,Not specified,Estimated demonstration monitoring area,Estimated — not WILDTRUST field boundary
WL-UTH-06,Upper uThukela Project — Monitoring Area 06,WL-UTH,Upper uThukela Project,uKhahlamba-Drakensberg,Grassland and rangeland,Ecological restoration / rangeland,16.4,Grassland,Demonstration dataset,,Not specified,Estimated demonstration monitoring area,Estimated — not WILDTRUST field boundary
WL-UTH-07,Upper uThukela Project — Monitoring Area 07,WL-UTH,Upper uThukela Project,uKhahlamba-Drakensberg,Grassland and rangeland,Ecological restoration / rangeland,23.2,Grassland,Demonstration dataset,,Not specified,Estimated demonstration monitoring area,Estimated — not WILDTRUST field boundary
WL-UTH-08,Upper uThukela Project — Monitoring Area 08,WL-UTH,Upper uThukela Project,uKhahlamba-Drakensberg,Grassland and rangeland,Ecological restoration / rangeland,31.5,Grassland,Demonstration dataset,,Not specified,Estimated demonstration monitoring area,Estimated — not WILDTRUST field boundary
WL-UTH-09,Upper uThukela Project — Monitoring Area 09,WL-UTH,Upper uThukela Project,uKhahlamba-Drakensberg,Grassland and rangeland,Ecological restoration / rangeland,14.0,Grassland,Demonstration dataset,,Not specified,Estimated demonstration monitoring area,Estimated — not WILDTRUST field boundary
WL-UTH-10,Upper uThukela Project — Monitoring Area 10,WL-UTH,Upper uThukela Project,uKhahlamba-Drakensberg,Grassland and rangeland,Ecological restoration / rangeland,37.8,Grassland,Demonstration dataset,,Not specified,Estimated demonstration monitoring area,Estimated — not WILDTRUST field boundary
WL-MKU-01,Living Lakes Biodiversity & Climate Project — Mkuze — Monitoring Area 01,WL-MKU,Living Lakes Biodiversity & Climate Project — Mkuze,iSimangaliso Wetland Park,Wetland and agroforestry,Wetland ecosystem function,26.9,Forest,Demonstration dataset,,Not specified,Estimated demonstration monitoring area,Estimated — not WILDTRUST field boundary
WL-MKU-02,Living Lakes Biodiversity & Climate Project — Mkuze — Monitoring Area 02,WL-MKU,Living Lakes Biodiversity & Climate Project — Mkuze,iSimangaliso Wetland Park,Wetland and agroforestry,Wetland ecosystem function,19.4,Forest,Demonstration dataset,,Not specified,Estimated demonstration monitoring area,Estimated — not WILDTRUST field boundary
WL-MKU-03,Living Lakes Biodiversity & Climate Project — Mkuze — Monitoring Area 03,WL-MKU,Living Lakes Biodiversity & Climate Project — Mkuze,iSimangaliso Wetland Park,Wetland and agroforestry,Wetland ecosystem function,23.3,Forest,Demonstration dataset,,Not specified,Estimated demonstration monitoring area,Estimated — not WILDTRUST field boundary
WL-MKU-04,Living Lakes Biodiversity & Climate Project — Mkuze — Monitoring Area 04,WL-MKU,Living Lakes Biodiversity & Climate Project — Mkuze,iSimangaliso Wetland Park,Wetland and agroforestry,Wetland ecosystem function,36.1,Forest,Demonstration dataset,,Not specified,Estimated demonstration monitoring area,Estimated — not WILDTRUST field boundary
WL-MKU-05,Living Lakes Biodiversity & Climate Project — Mkuze — Monitoring Area 05,WL-MKU,Living Lakes Biodiversity & Climate Project — Mkuze,iSimangaliso Wetland Park,Wetland and agroforestry,Wetland ecosystem function,39.9,Forest,Demonstration dataset,,Not specified,Estimated demonstration monitoring area,Estimated — not WILDTRUST field boundary
WL-MKU-06,Living Lakes Biodiversity & Climate Project — Mkuze — Monitoring Area 06,WL-MKU,Living Lakes Biodiversity & Climate Project — Mkuze,iSimangaliso Wetland Park,Wetland and agroforestry,Wetland ecosystem function,3.8,Forest,Demonstration dataset,,Not specified,Estimated demonstration monitoring area,Estimated — not WILDTRUST field boundary
WL-SOM-01,Somkhanda Community Game Reserve — Monitoring Area 01,WL-SOM,Somkhanda Community Game Reserve,Zululand & Maputaland Wildlife Zones,Biodiversity conservation,Conservation landscape,32.1,Savanna,Demonstration dataset,,Not specified,Estimated demonstration monitoring area,Estimated — not WILDTRUST field boundary
WL-SOM-02,Somkhanda Community Game Reserve — Monitoring Area 02,WL-SOM,Somkhanda Community Game Reserve,Zululand & Maputaland Wildlife Zones,Biodiversity conservation,Conservation landscape,16.5,Savanna,Demonstration dataset,,Not specified,Estimated demonstration monitoring area,Estimated — not WILDTRUST field boundary
WL-SOM-03,Somkhanda Community Game Reserve — Monitoring Area 03,WL-SOM,Somkhanda Community Game Reserve,Zululand & Maputaland Wildlife Zones,Biodiversity conservation,Conservation landscape,38.9,Savanna,Demonstration dataset,,Not specified,Estimated demonstration monitoring area,Estimated — not WILDTRUST field boundary
WL-SOM-04,Somkhanda Community Game Reserve — Monitoring Area 04,WL-SOM,Somkhanda Community Game Reserve,Zululand & Maputaland Wildlife Zones,Biodiversity conservation,Conservation landscape,29.4,Savanna,Demonstration dataset,,Not specified,Estimated demonstration monitoring area,Estimated — not WILDTRUST field boundary
WL-SOM-05,Somkhanda Community Game Reserve — Monitoring Area 05,WL-SOM,Somkhanda Community Game Reserve,Zululand & Maputaland Wildlife Zones,Biodiversity conservation,Conservation landscape,12.1,Savanna,Demonstration dataset,,Not specified,Estimated demonstration monitoring area,Estimated — not WILDTRUST field boundary
WL-SOM-06,Somkhanda Community Game Reserve — Monitoring Area 06,WL-SOM,Somkhanda Community Game Reserve,Zululand & Maputaland Wildlife Zones,Biodiversity conservation,Conservation landscape,18.5,Savanna,Demonstration dataset,,Not specified,Estimated demonstration monitoring area,Estimated — not WILDTRUST field boundary
WL-BHE-01,"Bhekula Biodiversity, Stewardship & Sustainable Livelihoods Project — Monitoring Area 01",WL-BHE,"Bhekula Biodiversity, Stewardship & Sustainable Livelihoods Project",Zululand & Maputaland Wildlife Zones,Sand forest and savanna,Forest / savanna restoration,35.3,Forest,Demonstration dataset,,Not specified,Estimated demonstration monitoring area,Estimated — not WILDTRUST field boundary
WL-BHE-02,"Bhekula Biodiversity, Stewardship & Sustainable Livelihoods Project — Monitoring Area 02",WL-BHE,"Bhekula Biodiversity, Stewardship & Sustainable Livelihoods Project",Zululand & Maputaland Wildlife Zones,Sand forest and savanna,Forest / savanna restoration,8.8,Forest,Demonstration dataset,,Not specified,Estimated demonstration monitoring area,Estimated — not WILDTRUST field boundary
WL-BHE-03,"Bhekula Biodiversity, Stewardship & Sustainable Livelihoods Project — Monitoring Area 03",WL-BHE,"Bhekula Biodiversity, Stewardship & Sustainable Livelihoods Project",Zululand & Maputaland Wildlife Zones,Sand forest and savanna,Forest / savanna restoration,13.3,Forest,Demonstration dataset,,Not specified,Estimated demonstration monitoring area,Estimated — not WILDTRUST field boundary
WL-BHE-04,"Bhekula Biodiversity, Stewardship & Sustainable Livelihoods Project — Monitoring Area 04",WL-BHE,"Bhekula Biodiversity, Stewardship & Sustainable Livelihoods Project",Zululand & Maputaland Wildlife Zones,Sand forest and savanna,Forest / savanna restoration,7.8,Forest,Demonstration dataset,,Not specified,Estimated demonstration monitoring area,Estimated — not WILDTRUST field boundary
WL-BHE-05,"Bhekula Biodiversity, Stewardship & Sustainable Livelihoods Project — Monitoring Area 05",WL-BHE,"Bhekula Biodiversity, Stewardship & Sustainable Livelihoods Project",Zululand & Maputaland Wildlife Zones,Sand forest and savanna,Forest / savanna restoration,31.6,Forest,Demonstration dataset,,Not specified,Estimated demonstration monitoring area,Estimated — not WILDTRUST field boundary
WL-FER-01,Ferncliff Nature Reserve — Monitoring Area 01,WL-FER,Ferncliff Nature Reserve,KwaZulu-Natal Midlands,Mistbelt forest,Forest restoration / IAP clearing,14.3,Forest,Demonstration dataset,,Not specified,Estimated demonstration monitoring area,Estimated — not WILDTRUST field boundary
WL-FER-02,Ferncliff Nature Reserve — Monitoring Area 02,WL-FER,Ferncliff Nature Reserve,KwaZulu-Natal Midlands,Mistbelt forest,Forest restoration / IAP clearing,35.4,Forest,Demonstration dataset,,Not specified,Estimated demonstration monitoring area,Estimated — not WILDTRUST field boundary
WL-FER-03,Ferncliff Nature Reserve — Monitoring Area 03,WL-FER,Ferncliff Nature Reserve,KwaZulu-Natal Midlands,Mistbelt forest,Forest restoration / IAP clearing,4.2,Forest,Demonstration dataset,,Not specified,Estimated demonstration monitoring area,Estimated — not WILDTRUST field boundary
WL-FER-04,Ferncliff Nature Reserve — Monitoring Area 04,WL-FER,Ferncliff Nature Reserve,KwaZulu-Natal Midlands,Mistbelt forest,Forest restoration / IAP clearing,5.3,Forest,Demonstration dataset,,Not specified,Estimated demonstration monitoring area,Estimated — not WILDTRUST field boundary
WL-FER-05,Ferncliff Nature Reserve — Monitoring Area 05,WL-FER,Ferncliff Nature Reserve,KwaZulu-Natal Midlands,Mistbelt forest,Forest restoration / IAP clearing,30.9,Forest,Demonstration dataset,,Not specified,Estimated demonstration monitoring area,Estimated — not WILDTRUST field boundary
WL-SON-01,Sontuli Education Centre — Monitoring Area 01,WL-SON,Sontuli Education Centre,Hluhluwe-iMfolozi Park,Conservation education,Conservation landscape,20.1,Savanna,Demonstration dataset,,Not specified,Estimated demonstration monitoring area,Estimated — not WILDTRUST field boundary
WL-SON-02,Sontuli Education Centre — Monitoring Area 02,WL-SON,Sontuli Education Centre,Hluhluwe-iMfolozi Park,Conservation education,Conservation landscape,35.2,Savanna,Demonstration dataset,,Not specified,Estimated demonstration monitoring area,Estimated — not WILDTRUST field boundary
WL-SON-03,Sontuli Education Centre — Monitoring Area 03,WL-SON,Sontuli Education Centre,Hluhluwe-iMfolozi Park,Conservation education,Conservation landscape,22.5,Savanna,Demonstration dataset,,Not specified,Estimated demonstration monitoring area,Estimated — not WILDTRUST field boundary
WL-SON-04,Sontuli Education Centre — Monitoring Area 04,WL-SON,Sontuli Education Centre,Hluhluwe-iMfolozi Park,Conservation education,Conservation landscape,13.8,Savanna,Demonstration dataset,,Not specified,Estimated demonstration monitoring area,Estimated — not WILDTRUST field boundary
